Science,Geog,Spanish,Computing
ICT BTEC,RE,Geog,Drama
Hist,Hospitality and catering,Photography,
Science,French,Sport & Pe,Geog
Business E,Hist,Sport & Pe,
Bs BTECT,Hospitality and catering,Hist,Spanish
Business E,Hospitality and catering,Spanish,Hist
Sport & Pe,Engineering,Geog,Business E
Bs BTECT,Hist,Photography,Engineering
Science,Hist,Economics,Computing
Bs BTECT,Engineering,Sport & Pe,Geog
Computing,Engineering,Geog,Business E
ICT BTEC,Engineering,Music,Computing
Art,Hist,BTEC Dip Health and Social Care,Engineering
Sport & Pe,Hist,Spanish,Business E
Sport & Pe,Spanish,Geog,Engineering
Art,Spanish,Geog,Hist
Art,Geog,French,Bs BTECT
Business E,Spanish,Geog,Art
Geog,Spanish,Economics,Drama
Psychology,Hist,Photography,Spanish
Sport & Pe,Engineering,French,Business E
Geog,French,Sport & Pe,Hist
Computing,Hist,Economics,Spanish
Computing,Product Design,French,Geog
Hist,Spanish,RE,Drama
Bs BTECT,Product Design,BTEC Dip Health and Social Care,Hist
French,Sociology,Hist,Art
Sport & Pe,Spanish,Music,Hist
Sport & Pe,Engineering,Geog,Business E
Science,Geog,Spanish,Computing
Science,Spanish,Hist,Computing
Art,Sociology,Geog,Engineering
Geog,Sociology,BTEC Dip Health and Social Care,Psychology
Science,Spanish,Geog,Computing
Art,Hospitality and catering,Hist,Spanish
French,Hospitality and catering,RE,Psychology
French,RE,BTEC Dip Health and Social Care,Hist
Hist,Spanish,Geog,Engineering
Business E,Engineering,Sport & Pe,Geog
Psychology,French,Music,Hist
Sport & Pe,Spanish,Geog,Psychology
Business E,Hist,Sport & Pe,Spanish
Science,Spanish,Geog,Computing
Geog,Spanish,BTEC Dip Health and Social Care,Art
Computing,Geog,Economics,Business E
Sport & Pe,French,Economics,Geog
Business E,Hist,French,Geog
Science,Hist,French,Geog
Science,Spanish,Geog,Computing
Hist,Hospitality and catering,Spanish,Business E
Science,,Photography,Drama
Geog,Spanish,Music,Drama
ICT BTEC,Hist,RE,Spanish
Business E,Hist,Sport & Pe,Spanish
Psychology,Engineering,Hist,Bs BTECT
ICT BTEC,Hist,Economics,Computing
Sport & Pe,Spanish,Hist,Engineering
Art,Hist,Spanish,Drama
Hist,French,Sport & Pe,Engineering
Bs BTECT,French,Hist,Psychology
Psychology,Hist,Sport & Pe,Bs BTECT
Sport & Pe,French,Economics,Geog
Computing,Hist,Music,Spanish
Bs BTECT,Hist,Sport & Pe,Spanish
ICT BTEC,Hist,French,Computing
Sport & Pe,Geog,French,Bs BTECT
Business E,Spanish,Geog,Psychology
Geog,Engineering,Sport & Pe,Bs BTECT
Art,Spanish,,Drama
Geog,Sociology,Photography,Spanish
ICT BTEC,Geog,Music,Computing
Bs BTECT,Geog,Photography,
ICT BTEC,Geog,Sport & Pe,Business E
Business E,Hist,Geog,Psychology
ICT BTEC,Product Design,Geog,Computing
Computing,Hist,Economics,Spanish
Hist,Product Design,Spanish,Art
ICT BTEC,Hospitality and catering,,Hist
Sport & Pe,Spanish,Geog,Business E
French,Geog,Sport & Pe,Engineering
Hist,Sociology,Spanish,Bs BTECT
Sport & Pe,Spanish,Hist,Engineering
Art,Spanish,Geog,Computing
Business E,Sociology,RE,Hist
Psychology,Hist,Geog,Drama
Psychology,Hist,Music,Drama
Science,Spanish,Sport & Pe,Hist
French,Product Design,Hist,Art
Sport & Pe,Engineering,Geog,Bs BTECT
Computing,Hist,Economics,Geog
Art,Hist,French,Psychology
Psychology,Hist,French,Art
Science,French,Music,Hist
Computing,Sociology,French,Hist
Science,Spanish,Hist,Psychology
Hist,Product Design,Geog,Drama
Business E,Hist,Sport & Pe,Psychology
Computing,RE,Music,Hist
Psychology,RE,Geog,Bs BTECT
Science,French,Sport & Pe,Hist
ICT BTEC,Hospitality and catering,,Geog
Psychology,Spanish,Hist,Drama
Science,Product Design,Geog,Computing
Geog,Product Design,Photography,Engineering
French,Geog,Sport & Pe,Psychology
Art,Hist,French,Business E
Hist,RE,Photography,Psychology
Sport & Pe,Geog,Economics,Spanish
ICT BTEC,Hospitality and catering,Music,Geog
Sport & Pe,Hist,Spanish,Business E
Geog,Engineering,Music,Spanish
Psychology,Geog,RE,Bs BTECT
Hist,French,Geog,Psychology
Geog,Hospitality and catering,BTEC Dip Health and Social Care,Spanish
Psychology,Sociology,Geog,Computing
Bs BTECT,Hist,Geog,Spanish
Psychology,Spanish,Hist,Drama
ICT BTEC,Hist,Photography,Psychology
Geog,Product Design,Photography,
Science,Spanish,Geog,Computing
Geog,Engineering,Sport & Pe,Bs BTECT
ICT BTEC,Spanish,Hist,Engineering
Business E,Hist,Photography,Spanish
Geog,Sociology,Spanish,Bs BTECT
Computing,Spanish,Music,Geog
Sport & Pe,French,Economics,Geog
Science,Geog,French,Business E
Sport & Pe,RE,Geog,Art
ICT BTEC,Geog,Music,Spanish
Computing,Product Design,Spanish,Business E
Business E,Spanish,Sport & Pe,Hist
Psychology,Product Design,Photography,Geog
ICT BTEC,Engineering,Geog,Spanish
Psychology,Sociology,Hist,Spanish
Psychology,Hist,French,Drama
Hist,RE,BTEC Dip Health and Social Care,Psychology
Hist,Engineering,Spanish,Bs BTECT
French,Product Design,Geog,Business E
Hist,Spanish,BTEC Dip Health and Social Care,Art
Science,Spanish,Geog,Computing
French,Product Design,Hist,Art
Art,Hist,Spanish,Psychology
French,Sociology,Photography,Geog
Geog,Spanish,Photography,Engineering
Business E,French,Hist,Art
Art,Hist,RE,Spanish
Geog,Product Design,Spanish,Drama
Science,Spanish,Geog,Psychology
Computing,Hist,BTEC Dip Health and Social Care,Psychology
Science,Hist,French,Psychology
ICT BTEC,Hist,,Art
Hist,RE,BTEC Dip Health and Social Care,Spanish
Bs BTECT,Product Design,Geog,Spanish
Art,Spanish,Geog,Business E
ICT BTEC,Spanish,Geog,Business E
Psychology,RE,Spanish,Hist
Art,Geog,Sport & Pe,Engineering
French,Spanish,Geog,Art
Hist,RE,Sport & Pe,Spanish
Art,Hist,Geog,Computing
Psychology,Hist,Photography,Spanish
Hist,French,Economics,Geog
Hist,Hospitality and catering,Photography,Spanish
Science,Spanish,Economics,Hist
Science,French,Hist,Drama
ICT BTEC,Spanish,Geog,Psychology
Geog,Spanish,Sport & Pe,Engineering
Hist,Spanish,Sport & Pe,Drama
Geog,RE,Music,Hist
Science,Spanish,Geog,Bs BTECT
Business E,Hist,Sport & Pe,Spanish
Science,Hist,French,Geog
Psychology,Spanish,Hist,Art
Hist,RE,Sport & Pe,Drama
ICT BTEC,Hist,Spanish,Business E
Science,Geog,Spanish,Business E
Business E,Sociology,French,Hist
French,Sociology,RE,Geog
ICT BTEC,Product Design,Geog,Spanish
Business E,Geog,Photography,Spanish
French,Hist,Economics,Geog
Sport & Pe,RE,Economics,Geog
Business E,Geog,Sport & Pe,Engineering
Science,Engineering,Geog,Art
Art,Geog,Music,Business E
Psychology,Hist,Photography,Spanish
Sport & Pe,Engineering,,Bs BTECT
Psychology,RE,BTEC Dip Health and Social Care,Hist
Sport & Pe,Hist,RE,Bs BTECT
Sport & Pe,RE,Photography,Geog
Computing,Geog,Sport & Pe,Spanish
Art,Sociology,Geog,Psychology
Science,Spanish,Sport & Pe,Hist
Hist,French,RE,Drama
Art,French,Hist,Psychology
Psychology,RE,BTEC Dip Health and Social Care,Hist
Business E,Hist,Sport & Pe,Spanish
Sport & Pe,Hist,Geog,Spanish
Science,Geog,Photography,Spanish
French,Product Design,Hist,Psychology
French,Hist,RE,Psychology
Business E,Hist,Sport & Pe,Engineering
Bs BTECT,Product Design,Music,Geog
Psychology,RE,Geog,Spanish
Science,Hist,French,Psychology
Sport & Pe,RE,Geog,Business E
Business E,Geog,French,Computing
Science,Spanish,Sport & Pe,Hist
Geog,Spanish,Sport & Pe,Bs BTECT
Computing,Engineering,Economics,Business E
Sport & Pe,Sociology,RE,Geog
Hist,RE,Spanish,Art
ICT BTEC,Geog,Photography,Psychology
Business E,French,Hist,Geog
Art,Spanish,Geog,Drama
Computing,Hist,Geog,
French,Product Design,Photography,Business E
Geog,Hist,Sport & Pe,Bs BTECT
Business E,Geog,Sport & Pe,Spanish
Psychology,French,BTEC Dip Health and Social Care,Bs BTECT
Geog,Spanish,Music,Business E
Psychology,French,RE,Hist
Geog,Hospitality and catering,Sport & Pe,Engineering
Business E,Product Design,Sport & Pe,Geog
Business E,French,Hist,Art
ICT BTEC,Hist,Spanish,Business E
Science,Spanish,Hist,Art
Geog,Spanish,Sport & Pe,Engineering
Sport & Pe,Engineering,Geog,Business E
Science,Hist,Spanish,Art
Science,Spanish,Geog,Drama
Hist,Engineering,Photography,
Psychology,Geog,Sport & Pe,Spanish
Business E,Product Design,Hist,Spanish
ICT BTEC,Hospitality and catering,French,Geog
Bs BTECT,Spanish,Geog,Engineering
Sport & Pe,Hospitality and catering,Spanish,Drama
Business E,RE,Hist,Art
Business E,Hist,Sport & Pe,Engineering
Sport & Pe,Geog,Economics,Spanish
